filename,group
cast_def_0_0.jpeg,0
cast_def_0_100.jpeg,1
cast_def_0_1015.jpeg,2
cast_def_0_102.jpeg,3
cast_def_0_1046.jpeg,4
cast_def_0_1053.jpeg,5
cast_def_0_1055.jpeg,6
cast_def_0_1077.jpeg,7
cast_def_0_1087.jpeg,8
cast_def_0_1091.jpeg,9
cast_def_0_1104.jpeg,10
cast_def_0_1108.jpeg,11
cast_def_0_1112.jpeg,12
cast_def_0_1115.jpeg,13
cast_def_0_1123.jpeg,14
cast_def_0_1137.jpeg,15
cast_def_0_1139.jpeg,16
cast_def_0_114.jpeg,17
cast_def_0_1145.jpeg,18
cast_def_0_1147.jpeg,19
cast_def_0_1155.jpeg,20
cast_def_0_1157.jpeg,21
cast_def_0_1159.jpeg,22
cast_def_0_1187.jpeg,23
cast_def_0_1188.jpeg,24
cast_def_0_1192.jpeg,25
cast_def_0_122.jpeg,26
cast_def_0_1225.jpeg,27
cast_def_0_1226.jpeg,28
cast_def_0_1230.jpeg,29
cast_def_0_1257.jpeg,30
cast_def_0_1261.jpeg,31
cast_def_0_127.jpeg,32
cast_def_0_1283.jpeg,33
cast_def_0_1286.jpeg,34
cast_def_0_1350.jpeg,35
cast_def_0_1359.jpeg,36
cast_def_0_138.jpeg,37
cast_def_0_1381.jpeg,38
cast_def_0_1411.jpeg,39
cast_def_0_1427.jpeg,40
cast_def_0_1432.jpeg,41
cast_def_0_1443.jpeg,18
cast_def_0_1446.jpeg,42
cast_def_0_146.jpeg,43
cast_def_0_1493.jpeg,44
cast_def_0_1495.jpeg,45
cast_def_0_150.jpeg,46
cast_def_0_1532.jpeg,47
cast_def_0_1533.jpeg,48
cast_def_0_1534.jpeg,49
cast_def_0_1547.jpeg,50
cast_def_0_1567.jpeg,51
cast_def_0_1589.jpeg,52
cast_def_0_159.jpeg,53
cast_def_0_1596.jpeg,54
cast_def_0_1609.jpeg,55
cast_def_0_1616.jpeg,56
cast_def_0_1658.jpeg,5
cast_def_0_1662.jpeg,57
cast_def_0_1679.jpeg,58
cast_def_0_1689.jpeg,1
cast_def_0_169.jpeg,59
cast_def_0_1694.jpeg,60
cast_def_0_1705.jpeg,61
cast_def_0_1715.jpeg,62
cast_def_0_1721.jpeg,63
cast_def_0_1729.jpeg,64
cast_def_0_1750.jpeg,65
cast_def_0_177.jpeg,66
cast_def_0_1772.jpeg,10
cast_def_0_1777.jpeg,67
cast_def_0_1794.jpeg,68
cast_def_0_180.jpeg,69
cast_def_0_1800.jpeg,70
cast_def_0_1815.jpeg,71
cast_def_0_1817.jpeg,72
cast_def_0_1828.jpeg,73
cast_def_0_1831.jpeg,74
cast_def_0_1849.jpeg,75
cast_def_0_1860.jpeg,76
cast_def_0_1877.jpeg,77
cast_def_0_188.jpeg,78
cast_def_0_1885.jpeg,79
cast_def_0_1898.jpeg,80
cast_def_0_1949.jpeg,81
cast_def_0_1958.jpeg,82
cast_def_0_1969.jpeg,83
cast_def_0_1998.jpeg,50
cast_def_0_2.jpeg,44
cast_def_0_2003.jpeg,84
cast_def_0_2014.jpeg,85
cast_def_0_2020.jpeg,86
cast_def_0_2022.jpeg,87
cast_def_0_2057.jpeg,88
cast_def_0_2060.jpeg,89
cast_def_0_2084.jpeg,90
cast_def_0_2090.jpeg,5
cast_def_0_2096.jpeg,91
cast_def_0_2102.jpeg,0
cast_def_0_2141.jpeg,92
cast_def_0_2148.jpeg,93
cast_def_0_2161.jpeg,94
cast_def_0_219.jpeg,95
cast_def_0_22.jpeg,96
cast_def_0_2201.jpeg,97
cast_def_0_221.jpeg,98
cast_def_0_2220.jpeg,5
cast_def_0_223.jpeg,99
cast_def_0_2234.jpeg,100
cast_def_0_2251.jpeg,5
cast_def_0_2259.jpeg,101
cast_def_0_2263.jpeg,102
cast_def_0_2280.jpeg,103
cast_def_0_2284.jpeg,103
cast_def_0_2299.jpeg,104
cast_def_0_2304.jpeg,105
cast_def_0_2305.jpeg,106
cast_def_0_231.jpeg,107
cast_def_0_2310.jpeg,108
cast_def_0_2320.jpeg,109
cast_def_0_2330.jpeg,110
cast_def_0_2358.jpeg,111
cast_def_0_238.jpeg,88
cast_def_0_2388.jpeg,112
cast_def_0_240.jpeg,113
cast_def_0_2422.jpeg,114
cast_def_0_2426.jpeg,115
cast_def_0_2437.jpeg,116
cast_def_0_2450.jpeg,117
cast_def_0_2474.jpeg,118
cast_def_0_2480.jpeg,119
cast_def_0_2483.jpeg,120
cast_def_0_2485.jpeg,121
cast_def_0_25.jpeg,122
cast_def_0_2515.jpeg,123
cast_def_0_255.jpeg,124
cast_def_0_2576.jpeg,125
cast_def_0_2582.jpeg,116
cast_def_0_2592.jpeg,126
cast_def_0_2614.jpeg,5
cast_def_0_2624.jpeg,127
cast_def_0_2639.jpeg,128
cast_def_0_2640.jpeg,129
cast_def_0_2649.jpeg,130
cast_def_0_2654.jpeg,131
cast_def_0_2663.jpeg,132
cast_def_0_2683.jpeg,133
cast_def_0_2690.jpeg,134
cast_def_0_2691.jpeg,5
cast_def_0_2700.jpeg,135
cast_def_0_2701.jpeg,136
cast_def_0_2708.jpeg,137
cast_def_0_2733.jpeg,138
cast_def_0_2745.jpeg,139
cast_def_0_2753.jpeg,140
cast_def_0_2798.jpeg,52
cast_def_0_2808.jpeg,141
cast_def_0_2820.jpeg,142
cast_def_0_2832.jpeg,143
cast_def_0_2834.jpeg,144
cast_def_0_2837.jpeg,5
cast_def_0_2855.jpeg,145
cast_def_0_2887.jpeg,146
cast_def_0_2892.jpeg,5
cast_def_0_2900.jpeg,147
cast_def_0_2917.jpeg,148
cast_def_0_2937.jpeg,149
cast_def_0_2950.jpeg,150
cast_def_0_2966.jpeg,151
cast_def_0_2973.jpeg,152
cast_def_0_2994.jpeg,153
cast_def_0_3010.jpeg,154
cast_def_0_3016.jpeg,155
cast_def_0_3050.jpeg,156
cast_def_0_3056.jpeg,157
cast_def_0_3070.jpeg,158
cast_def_0_3074.jpeg,159
cast_def_0_3098.jpeg,160
cast_def_0_3104.jpeg,161
cast_def_0_3105.jpeg,162
cast_def_0_311.jpeg,163
cast_def_0_3114.jpeg,164
cast_def_0_3136.jpeg,165
cast_def_0_3148.jpeg,166
cast_def_0_3179.jpeg,167
cast_def_0_318.jpeg,168
cast_def_0_3185.jpeg,169
cast_def_0_3199.jpeg,170
cast_def_0_3220.jpeg,171
cast_def_0_3223.jpeg,172
cast_def_0_324.jpeg,173
cast_def_0_3246.jpeg,5
cast_def_0_3252.jpeg,174
cast_def_0_3265.jpeg,175
cast_def_0_3279.jpeg,176
cast_def_0_3285.jpeg,177
cast_def_0_33.jpeg,178
cast_def_0_3311.jpeg,179
cast_def_0_333.jpeg,180
cast_def_0_3334.jpeg,181
cast_def_0_3341.jpeg,182
cast_def_0_3344.jpeg,49
cast_def_0_335.jpeg,183
cast_def_0_3354.jpeg,184
cast_def_0_3362.jpeg,185
cast_def_0_337.jpeg,186
cast_def_0_3394.jpeg,187
cast_def_0_3396.jpeg,188
cast_def_0_3403.jpeg,189
cast_def_0_3431.jpeg,190
cast_def_0_3434.jpeg,49
cast_def_0_3454.jpeg,191
cast_def_0_3457.jpeg,192
cast_def_0_3460.jpeg,193
cast_def_0_3480.jpeg,60
cast_def_0_3487.jpeg,194
cast_def_0_3495.jpeg,195
cast_def_0_3513.jpeg,147
cast_def_0_3536.jpeg,5
cast_def_0_354.jpeg,196
cast_def_0_356.jpeg,197
cast_def_0_3565.jpeg,198
cast_def_0_3569.jpeg,199
cast_def_0_360.jpeg,4
cast_def_0_361.jpeg,200
cast_def_0_3617.jpeg,201
cast_def_0_3618.jpeg,202
cast_def_0_3626.jpeg,203
cast_def_0_3631.jpeg,204
cast_def_0_3646.jpeg,205
cast_def_0_3680.jpeg,206
cast_def_0_3685.jpeg,207
cast_def_0_369.jpeg,166
cast_def_0_3691.jpeg,208
cast_def_0_3703.jpeg,209
cast_def_0_3704.jpeg,210
cast_def_0_3710.jpeg,211
cast_def_0_3735.jpeg,212
cast_def_0_3741.jpeg,213
cast_def_0_3751.jpeg,214
cast_def_0_3756.jpeg,5
cast_def_0_3793.jpeg,5
cast_def_0_3796.jpeg,215
cast_def_0_3797.jpeg,216
cast_def_0_380.jpeg,149
cast_def_0_3812.jpeg,5
cast_def_0_3818.jpeg,217
cast_def_0_383.jpeg,218
cast_def_0_3831.jpeg,5
cast_def_0_3855.jpeg,219
cast_def_0_3856.jpeg,220
cast_def_0_3867.jpeg,221
cast_def_0_3869.jpeg,71
cast_def_0_3882.jpeg,222
cast_def_0_3894.jpeg,223
cast_def_0_3916.jpeg,224
cast_def_0_3945.jpeg,225
cast_def_0_3949.jpeg,226
cast_def_0_3963.jpeg,38
cast_def_0_3970.jpeg,227
cast_def_0_3978.jpeg,228
cast_def_0_3989.jpeg,229
cast_def_0_3992.jpeg,230
cast_def_0_3993.jpeg,231
cast_def_0_4017.jpeg,232
cast_def_0_4023.jpeg,233
cast_def_0_4026.jpeg,234
cast_def_0_4030.jpeg,235
cast_def_0_4032.jpeg,236
cast_def_0_4034.jpeg,237
cast_def_0_4090.jpeg,238
cast_def_0_4093.jpeg,158
cast_def_0_4106.jpeg,239
cast_def_0_4108.jpeg,240
cast_def_0_4109.jpeg,241
cast_def_0_4119.jpeg,242
cast_def_0_4125.jpeg,243
cast_def_0_4129.jpeg,244
cast_def_0_4158.jpeg,245
cast_def_0_4171.jpeg,246
cast_def_0_42.jpeg,152
cast_def_0_421.jpeg,247
cast_def_0_4228.jpeg,248
cast_def_0_4229.jpeg,249
cast_def_0_4239.jpeg,250
cast_def_0_4264.jpeg,87
cast_def_0_430.jpeg,251
cast_def_0_4336.jpeg,252
cast_def_0_4355.jpeg,253
cast_def_0_4360.jpeg,5
cast_def_0_4363.jpeg,254
cast_def_0_4379.jpeg,255
cast_def_0_4394.jpeg,256
cast_def_0_4407.jpeg,257
cast_def_0_4412.jpeg,258
cast_def_0_4453.jpeg,259
cast_def_0_4459.jpeg,260
cast_def_0_4484.jpeg,261
cast_def_0_4501.jpeg,262
cast_def_0_4526.jpeg,263
cast_def_0_4568.jpeg,45
cast_def_0_4574.jpeg,264
cast_def_0_4577.jpeg,265
cast_def_0_4583.jpeg,251
cast_def_0_4590.jpeg,266
cast_def_0_4596.jpeg,1
cast_def_0_4604.jpeg,267
cast_def_0_4611.jpeg,28
cast_def_0_4615.jpeg,268
cast_def_0_4651.jpeg,269
cast_def_0_4653.jpeg,270
cast_def_0_466.jpeg,271
cast_def_0_4671.jpeg,272
cast_def_0_4677.jpeg,273
cast_def_0_4683.jpeg,178
cast_def_0_469.jpeg,274
cast_def_0_4693.jpeg,275
cast_def_0_4697.jpeg,276
cast_def_0_4705.jpeg,277
cast_def_0_4708.jpeg,226
cast_def_0_4748.jpeg,278
cast_def_0_4780.jpeg,87
cast_def_0_4787.jpeg,279
cast_def_0_4790.jpeg,280
cast_def_0_4801.jpeg,258
cast_def_0_4815.jpeg,281
cast_def_0_4816.jpeg,54
cast_def_0_4865.jpeg,163
cast_def_0_490.jpeg,282
cast_def_0_4903.jpeg,283
cast_def_0_4904.jpeg,284
cast_def_0_4908.jpeg,285
cast_def_0_4927.jpeg,286
cast_def_0_4932.jpeg,287
cast_def_0_4933.jpeg,67
cast_def_0_494.jpeg,288
cast_def_0_4970.jpeg,289
cast_def_0_4971.jpeg,238
cast_def_0_4995.jpeg,290
cast_def_0_5001.jpeg,291
cast_def_0_5004.jpeg,292
cast_def_0_5006.jpeg,293
cast_def_0_5008.jpeg,294
cast_def_0_5014.jpeg,295
cast_def_0_5029.jpeg,296
cast_def_0_503.jpeg,297
cast_def_0_5034.jpeg,298
cast_def_0_5061.jpeg,140
cast_def_0_5093.jpeg,299
cast_def_0_5094.jpeg,3
cast_def_0_5113.jpeg,300
cast_def_0_5119.jpeg,301
cast_def_0_5128.jpeg,302
cast_def_0_514.jpeg,303
cast_def_0_5142.jpeg,304
cast_def_0_5146.jpeg,123
cast_def_0_5147.jpeg,305
cast_def_0_5167.jpeg,306
cast_def_0_5185.jpeg,307
cast_def_0_5187.jpeg,1
cast_def_0_5190.jpeg,9
cast_def_0_5205.jpeg,308
cast_def_0_5214.jpeg,309
cast_def_0_5218.jpeg,310
cast_def_0_5221.jpeg,5
cast_def_0_5224.jpeg,311
cast_def_0_5239.jpeg,312
cast_def_0_5240.jpeg,313
cast_def_0_5241.jpeg,5
cast_def_0_5244.jpeg,301
cast_def_0_5267.jpeg,314
cast_def_0_5273.jpeg,290
cast_def_0_5302.jpeg,315
cast_def_0_5311.jpeg,27
cast_def_0_5317.jpeg,178
cast_def_0_5322.jpeg,316
cast_def_0_5332.jpeg,317
cast_def_0_5334.jpeg,318
cast_def_0_5336.jpeg,319
cast_def_0_5339.jpeg,161
cast_def_0_5360.jpeg,320
cast_def_0_5362.jpeg,321
cast_def_0_5363.jpeg,0
cast_def_0_5369.jpeg,322
cast_def_0_5374.jpeg,323
cast_def_0_5421.jpeg,324
cast_def_0_543.jpeg,325
cast_def_0_5430.jpeg,326
cast_def_0_5435.jpeg,327
cast_def_0_5470.jpeg,328
cast_def_0_5480.jpeg,329
cast_def_0_5524.jpeg,330
cast_def_0_5530.jpeg,331
cast_def_0_5532.jpeg,198
cast_def_0_5545.jpeg,332
cast_def_0_556.jpeg,333
cast_def_0_5569.jpeg,156
cast_def_0_5571.jpeg,334
cast_def_0_5572.jpeg,335
cast_def_0_5573.jpeg,336
cast_def_0_5628.jpeg,337
cast_def_0_5640.jpeg,338
cast_def_0_565.jpeg,241
cast_def_0_566.jpeg,339
cast_def_0_5696.jpeg,340
cast_def_0_5700.jpeg,341
cast_def_0_5707.jpeg,238
cast_def_0_571.jpeg,120
cast_def_0_5712.jpeg,234
cast_def_0_572.jpeg,5
cast_def_0_5759.jpeg,342
cast_def_0_5767.jpeg,343
cast_def_0_5768.jpeg,234
cast_def_0_5805.jpeg,38
cast_def_0_5809.jpeg,344
cast_def_0_583.jpeg,345
cast_def_0_5838.jpeg,346
cast_def_0_5842.jpeg,27
cast_def_0_5851.jpeg,347
cast_def_0_5863.jpeg,202
cast_def_0_5867.jpeg,348
cast_def_0_588.jpeg,349
cast_def_0_5892.jpeg,350
cast_def_0_5919.jpeg,351
cast_def_0_5932.jpeg,352
cast_def_0_5933.jpeg,319
cast_def_0_5954.jpeg,353
cast_def_0_5971.jpeg,179
cast_def_0_5978.jpeg,58
cast_def_0_5992.jpeg,338
cast_def_0_6010.jpeg,65
cast_def_0_6011.jpeg,354
cast_def_0_602.jpeg,27
cast_def_0_6023.jpeg,355
cast_def_0_6035.jpeg,356
cast_def_0_604.jpeg,357
cast_def_0_6044.jpeg,352
cast_def_0_6062.jpeg,358
cast_def_0_608.jpeg,359
cast_def_0_6112.jpeg,53
cast_def_0_6123.jpeg,360
cast_def_0_6154.jpeg,202
cast_def_0_6173.jpeg,361
cast_def_0_6184.jpeg,362
cast_def_0_619.jpeg,363
cast_def_0_6193.jpeg,36
cast_def_0_6232.jpeg,226
cast_def_0_6236.jpeg,49
cast_def_0_6239.jpeg,364
cast_def_0_624.jpeg,365
cast_def_0_6244.jpeg,366
cast_def_0_6247.jpeg,367
cast_def_0_6259.jpeg,368
cast_def_0_6272.jpeg,369
cast_def_0_6296.jpeg,370
cast_def_0_6298.jpeg,371
cast_def_0_6322.jpeg,130
cast_def_0_6369.jpeg,372
cast_def_0_637.jpeg,373
cast_def_0_6406.jpeg,374
cast_def_0_6417.jpeg,216
cast_def_0_6422.jpeg,375
cast_def_0_6454.jpeg,376
cast_def_0_6476.jpeg,377
cast_def_0_6483.jpeg,378
cast_def_0_649.jpeg,379
cast_def_0_6519.jpeg,53
cast_def_0_6526.jpeg,380
cast_def_0_6531.jpeg,381
cast_def_0_6536.jpeg,382
cast_def_0_6538.jpeg,383
cast_def_0_6563.jpeg,384
cast_def_0_6564.jpeg,385
cast_def_0_6582.jpeg,386
cast_def_0_6610.jpeg,14
cast_def_0_6641.jpeg,387
cast_def_0_6658.jpeg,388
cast_def_0_6662.jpeg,389
cast_def_0_6673.jpeg,390
cast_def_0_6687.jpeg,391
cast_def_0_6724.jpeg,392
cast_def_0_6738.jpeg,393
cast_def_0_6777.jpeg,394
cast_def_0_6797.jpeg,395
cast_def_0_6817.jpeg,396
cast_def_0_6836.jpeg,205
cast_def_0_6837.jpeg,397
cast_def_0_6853.jpeg,398
cast_def_0_6855.jpeg,337
cast_def_0_6860.jpeg,399
cast_def_0_6863.jpeg,400
cast_def_0_6867.jpeg,401
cast_def_0_6869.jpeg,162
cast_def_0_6874.jpeg,402
cast_def_0_688.jpeg,5
cast_def_0_6884.jpeg,403
cast_def_0_6887.jpeg,404
cast_def_0_6898.jpeg,405
cast_def_0_6929.jpeg,406
cast_def_0_6955.jpeg,407
cast_def_0_6959.jpeg,408
cast_def_0_6993.jpeg,409
cast_def_0_702.jpeg,91
cast_def_0_7039.jpeg,410
cast_def_0_7040.jpeg,411
cast_def_0_7051.jpeg,412
cast_def_0_7056.jpeg,393
cast_def_0_7074.jpeg,413
cast_def_0_7076.jpeg,94
cast_def_0_7080.jpeg,63
cast_def_0_7086.jpeg,1
cast_def_0_7110.jpeg,414
cast_def_0_7113.jpeg,415
cast_def_0_7117.jpeg,416
cast_def_0_7126.jpeg,417
cast_def_0_7142.jpeg,418
cast_def_0_717.jpeg,419
cast_def_0_7172.jpeg,420
cast_def_0_7183.jpeg,421
cast_def_0_7198.jpeg,422
cast_def_0_7215.jpeg,423
cast_def_0_7216.jpeg,424
cast_def_0_7217.jpeg,380
cast_def_0_7230.jpeg,425
cast_def_0_7232.jpeg,426
cast_def_0_724.jpeg,427
cast_def_0_7248.jpeg,428
cast_def_0_7264.jpeg,429
cast_def_0_7275.jpeg,430
cast_def_0_7286.jpeg,431
cast_def_0_7295.jpeg,21
cast_def_0_7315.jpeg,5
cast_def_0_7324.jpeg,432
cast_def_0_7326.jpeg,433
cast_def_0_7336.jpeg,434
cast_def_0_7338.jpeg,435
cast_def_0_734.jpeg,435
cast_def_0_7360.jpeg,436
cast_def_0_737.jpeg,437
cast_def_0_7381.jpeg,438
cast_def_0_7384.jpeg,439
cast_def_0_7394.jpeg,118
cast_def_0_7396.jpeg,440
cast_def_0_7410.jpeg,60
cast_def_0_7420.jpeg,441
cast_def_0_7431.jpeg,442
cast_def_0_744.jpeg,443
cast_def_0_7446.jpeg,444
cast_def_0_7455.jpeg,445
cast_def_0_7462.jpeg,446
cast_def_0_7467.jpeg,447
cast_def_0_7468.jpeg,448
cast_def_0_7474.jpeg,449
cast_def_0_7475.jpeg,450
cast_def_0_7483.jpeg,221
cast_def_0_7496.jpeg,451
cast_def_0_7503.jpeg,452
cast_def_0_7510.jpeg,84
cast_def_0_7520.jpeg,453
cast_def_0_7521.jpeg,312
cast_def_0_7538.jpeg,100
cast_def_0_7540.jpeg,454
cast_def_0_7549.jpeg,455
cast_def_0_7553.jpeg,456
cast_def_0_7554.jpeg,5
cast_def_0_7556.jpeg,457
cast_def_0_7576.jpeg,458
cast_def_0_7581.jpeg,459
cast_def_0_7593.jpeg,34
cast_def_0_7596.jpeg,460
cast_def_0_7599.jpeg,461
cast_def_0_7601.jpeg,462
cast_def_0_7603.jpeg,463
cast_def_0_7636.jpeg,464
cast_def_0_7664.jpeg,465
cast_def_0_767.jpeg,466
cast_def_0_7684.jpeg,467
cast_def_0_7694.jpeg,468
cast_def_0_7698.jpeg,235
cast_def_0_7722.jpeg,469
cast_def_0_7724.jpeg,219
cast_def_0_773.jpeg,470
cast_def_0_7736.jpeg,471
cast_def_0_7745.jpeg,472
cast_def_0_7750.jpeg,348
cast_def_0_7779.jpeg,473
cast_def_0_7782.jpeg,474
cast_def_0_7792.jpeg,475
cast_def_0_7793.jpeg,476
cast_def_0_7794.jpeg,477
cast_def_0_7797.jpeg,478
cast_def_0_781.jpeg,479
cast_def_0_7837.jpeg,356
cast_def_0_7844.jpeg,480
cast_def_0_7847.jpeg,5
cast_def_0_786.jpeg,481
cast_def_0_7892.jpeg,94
cast_def_0_79.jpeg,5
cast_def_0_7905.jpeg,454
cast_def_0_7908.jpeg,482
cast_def_0_7923.jpeg,192
cast_def_0_7924.jpeg,483
cast_def_0_7933.jpeg,484
cast_def_0_7937.jpeg,429
cast_def_0_7982.jpeg,322
cast_def_0_7987.jpeg,485
cast_def_0_7994.jpeg,486
cast_def_0_7996.jpeg,30
cast_def_0_7998.jpeg,5
cast_def_0_8028.jpeg,487
cast_def_0_8045.jpeg,488
cast_def_0_8049.jpeg,489
cast_def_0_8067.jpeg,490
cast_def_0_808.jpeg,491
cast_def_0_8101.jpeg,492
cast_def_0_811.jpeg,101
cast_def_0_8112.jpeg,493
cast_def_0_8114.jpeg,494
cast_def_0_8115.jpeg,495
cast_def_0_8121.jpeg,496
cast_def_0_8129.jpeg,233
cast_def_0_8142.jpeg,497
cast_def_0_8144.jpeg,210
cast_def_0_8149.jpeg,487
cast_def_0_8152.jpeg,498
cast_def_0_8170.jpeg,499
cast_def_0_8208.jpeg,500
cast_def_0_8213.jpeg,501
cast_def_0_8220.jpeg,178
cast_def_0_8227.jpeg,502
cast_def_0_8236.jpeg,79
cast_def_0_8239.jpeg,503
cast_def_0_8278.jpeg,504
cast_def_0_8288.jpeg,13
cast_def_0_8310.jpeg,505
cast_def_0_8314.jpeg,506
cast_def_0_8321.jpeg,507
cast_def_0_833.jpeg,471
cast_def_0_8340.jpeg,508
cast_def_0_8348.jpeg,509
cast_def_0_839.jpeg,510
cast_def_0_8396.jpeg,327
cast_def_0_8405.jpeg,5
cast_def_0_8408.jpeg,511
cast_def_0_8415.jpeg,357
cast_def_0_8434.jpeg,462
cast_def_0_8441.jpeg,512
cast_def_0_8451.jpeg,513
cast_def_0_8467.jpeg,514
cast_def_0_8486.jpeg,453
cast_def_0_8510.jpeg,138
cast_def_0_8519.jpeg,473
cast_def_0_852.jpeg,21
cast_def_0_8529.jpeg,515
cast_def_0_854.jpeg,450
cast_def_0_8559.jpeg,516
cast_def_0_8587.jpeg,517
cast_def_0_8596.jpeg,518
cast_def_0_8615.jpeg,519
cast_def_0_8617.jpeg,55
cast_def_0_8631.jpeg,520
cast_def_0_8639.jpeg,442
cast_def_0_8646.jpeg,1
cast_def_0_8667.jpeg,521
cast_def_0_8668.jpeg,5
cast_def_0_8675.jpeg,318
cast_def_0_8687.jpeg,522
cast_def_0_8697.jpeg,218
cast_def_0_8707.jpeg,523
cast_def_0_8709.jpeg,524
cast_def_0_8711.jpeg,525
cast_def_0_8719.jpeg,526
cast_def_0_8720.jpeg,0
cast_def_0_8722.jpeg,238
cast_def_0_8742.jpeg,5
cast_def_0_8756.jpeg,527
cast_def_0_8764.jpeg,528
cast_def_0_8766.jpeg,529
cast_def_0_8785.jpeg,530
cast_def_0_8789.jpeg,238
cast_def_0_880.jpeg,531
cast_def_0_8813.jpeg,532
cast_def_0_8817.jpeg,5
cast_def_0_8822.jpeg,533
cast_def_0_8831.jpeg,115
cast_def_0_8838.jpeg,534
cast_def_0_8844.jpeg,147
cast_def_0_8848.jpeg,53
cast_def_0_8855.jpeg,535
cast_def_0_8867.jpeg,536
cast_def_0_8899.jpeg,481
cast_def_0_8948.jpeg,5
cast_def_0_8954.jpeg,537
cast_def_0_896.jpeg,538
cast_def_0_8975.jpeg,539
cast_def_0_9021.jpeg,540
cast_def_0_9023.jpeg,541
cast_def_0_9025.jpeg,542
cast_def_0_9038.jpeg,154
cast_def_0_9051.jpeg,543
cast_def_0_9060.jpeg,544
cast_def_0_9067.jpeg,545
cast_def_0_9068.jpeg,150
cast_def_0_9075.jpeg,1
cast_def_0_9079.jpeg,546
cast_def_0_9084.jpeg,547
cast_def_0_9098.jpeg,510
cast_def_0_91.jpeg,19
cast_def_0_9139.jpeg,450
cast_def_0_9146.jpeg,65
cast_def_0_9163.jpeg,5
cast_def_0_9175.jpeg,548
cast_def_0_9180.jpeg,5
cast_def_0_9188.jpeg,451
cast_def_0_9206.jpeg,549
cast_def_0_9211.jpeg,76
cast_def_0_9227.jpeg,550
cast_def_0_9234.jpeg,551
cast_def_0_9262.jpeg,552
cast_def_0_9276.jpeg,553
cast_def_0_93.jpeg,554
cast_def_0_9320.jpeg,475
cast_def_0_9325.jpeg,555
cast_def_0_9328.jpeg,489
cast_def_0_9333.jpeg,133
cast_def_0_9339.jpeg,556
cast_def_0_9346.jpeg,342
cast_def_0_9356.jpeg,557
cast_def_0_937.jpeg,373
cast_def_0_9378.jpeg,558
cast_def_0_9379.jpeg,468
cast_def_0_9388.jpeg,559
cast_def_0_94.jpeg,560
cast_def_0_9403.jpeg,561
cast_def_0_9435.jpeg,217
cast_def_0_9453.jpeg,562
cast_def_0_9454.jpeg,563
cast_def_0_9474.jpeg,323
cast_def_0_9475.jpeg,564
cast_def_0_9477.jpeg,565
cast_def_0_9480.jpeg,114
cast_def_0_9496.jpeg,1
cast_def_0_9498.jpeg,566
cast_def_0_9507.jpeg,425
cast_def_0_9520.jpeg,567
cast_def_0_9540.jpeg,568
cast_def_0_9547.jpeg,569
cast_def_0_9580.jpeg,570
cast_def_0_9582.jpeg,571
cast_def_0_959.jpeg,572
cast_def_0_9591.jpeg,573
cast_def_0_9613.jpeg,51
cast_def_0_9615.jpeg,574
cast_def_0_9619.jpeg,575
cast_def_0_9623.jpeg,576
cast_def_0_9637.jpeg,577
cast_def_0_9640.jpeg,197
cast_def_0_9643.jpeg,578
cast_def_0_9644.jpeg,179
cast_def_0_966.jpeg,463
cast_def_0_9669.jpeg,579
cast_def_0_9683.jpeg,580
cast_def_0_9687.jpeg,581
cast_def_0_9737.jpeg,582
cast_def_0_9750.jpeg,410
cast_def_0_9755.jpeg,432
cast_def_0_976.jpeg,583
cast_def_0_9780.jpeg,584
cast_def_0_9817.jpeg,24
cast_def_0_9836.jpeg,585
cast_def_0_9854.jpeg,586
cast_def_0_9857.jpeg,365
cast_def_0_9872.jpeg,587
cast_def_0_9873.jpeg,588
cast_def_0_9877.jpeg,589
cast_def_0_9879.jpeg,590
cast_def_0_994.jpeg,591
cast_def_0_9963.jpeg,337
cast_def_0_9980.jpeg,592
cast_def_0_9995.jpeg,593
cast_ok_0_1018.jpeg,594
cast_ok_0_1021.jpeg,595
cast_ok_0_1028.jpeg,596
cast_ok_0_1074.jpeg,597
cast_ok_0_1082.jpeg,598
cast_ok_0_1083.jpeg,599
cast_ok_0_1091.jpeg,600
cast_ok_0_1092.jpeg,601
cast_ok_0_1102.jpeg,602
cast_ok_0_1144.jpeg,596
cast_ok_0_1155.jpeg,603
cast_ok_0_1187.jpeg,604
cast_ok_0_119.jpeg,605
cast_ok_0_1192.jpeg,606
cast_ok_0_1207.jpeg,607
cast_ok_0_1234.jpeg,608
cast_ok_0_1265.jpeg,609
cast_ok_0_129.jpeg,608
cast_ok_0_1290.jpeg,610
cast_ok_0_1344.jpeg,611
cast_ok_0_1362.jpeg,612
cast_ok_0_1392.jpeg,613
cast_ok_0_1429.jpeg,614
cast_ok_0_1445.jpeg,615
cast_ok_0_1450.jpeg,616
cast_ok_0_1491.jpeg,610
cast_ok_0_1559.jpeg,617
cast_ok_0_1568.jpeg,618
cast_ok_0_1573.jpeg,615
cast_ok_0_1584.jpeg,619
cast_ok_0_1588.jpeg,620
cast_ok_0_1589.jpeg,621
cast_ok_0_1592.jpeg,622
cast_ok_0_1604.jpeg,623
cast_ok_0_1634.jpeg,624
cast_ok_0_1644.jpeg,625
cast_ok_0_1665.jpeg,626
cast_ok_0_1682.jpeg,627
cast_ok_0_1695.jpeg,600
cast_ok_0_1715.jpeg,628
cast_ok_0_1723.jpeg,614
cast_ok_0_1755.jpeg,629
cast_ok_0_1756.jpeg,630
cast_ok_0_1761.jpeg,631
cast_ok_0_1780.jpeg,632
cast_ok_0_1817.jpeg,633
cast_ok_0_1825.jpeg,634
cast_ok_0_1853.jpeg,597
cast_ok_0_1863.jpeg,635
cast_ok_0_1879.jpeg,636
cast_ok_0_1933.jpeg,637
cast_ok_0_1936.jpeg,638
cast_ok_0_1959.jpeg,639
cast_ok_0_196.jpeg,621
cast_ok_0_1963.jpeg,602
cast_ok_0_199.jpeg,640
cast_ok_0_2005.jpeg,641
cast_ok_0_2046.jpeg,642
cast_ok_0_2054.jpeg,643
cast_ok_0_2060.jpeg,616
cast_ok_0_2083.jpeg,644
cast_ok_0_2100.jpeg,645
cast_ok_0_211.jpeg,642
cast_ok_0_2117.jpeg,646
cast_ok_0_2138.jpeg,647
cast_ok_0_2152.jpeg,619
cast_ok_0_2162.jpeg,648
cast_ok_0_2180.jpeg,649
cast_ok_0_2208.jpeg,646
cast_ok_0_222.jpeg,650
cast_ok_0_2235.jpeg,651
cast_ok_0_2241.jpeg,652
cast_ok_0_2244.jpeg,653
cast_ok_0_2268.jpeg,654
cast_ok_0_2271.jpeg,655
cast_ok_0_2288.jpeg,648
cast_ok_0_2295.jpeg,656
cast_ok_0_2301.jpeg,657
cast_ok_0_2315.jpeg,618
cast_ok_0_2322.jpeg,658
cast_ok_0_2351.jpeg,659
cast_ok_0_2379.jpeg,656
cast_ok_0_2394.jpeg,660
cast_ok_0_2417.jpeg,661
cast_ok_0_2437.jpeg,599
cast_ok_0_2456.jpeg,655
cast_ok_0_2472.jpeg,651
cast_ok_0_2482.jpeg,660
cast_ok_0_2505.jpeg,662
cast_ok_0_2514.jpeg,663
cast_ok_0_2525.jpeg,664
cast_ok_0_2541.jpeg,665
cast_ok_0_2544.jpeg,666
cast_ok_0_2588.jpeg,667
cast_ok_0_2605.jpeg,668
cast_ok_0_2614.jpeg,620
cast_ok_0_2622.jpeg,669
cast_ok_0_2643.jpeg,670
cast_ok_0_265.jpeg,671
cast_ok_0_2695.jpeg,664
cast_ok_0_2697.jpeg,672
cast_ok_0_2720.jpeg,645
cast_ok_0_2721.jpeg,628
cast_ok_0_2722.jpeg,673
cast_ok_0_2738.jpeg,657
cast_ok_0_2746.jpeg,641
cast_ok_0_277.jpeg,674
cast_ok_0_2770.jpeg,675
cast_ok_0_2771.jpeg,654
cast_ok_0_2781.jpeg,676
cast_ok_0_2784.jpeg,677
cast_ok_0_2785.jpeg,660
cast_ok_0_2816.jpeg,646
cast_ok_0_2818.jpeg,677
cast_ok_0_2819.jpeg,663
cast_ok_0_2865.jpeg,678
cast_ok_0_2867.jpeg,679
cast_ok_0_2967.jpeg,680
cast_ok_0_2989.jpeg,603
cast_ok_0_2992.jpeg,681
cast_ok_0_2997.jpeg,660
cast_ok_0_2999.jpeg,682
cast_ok_0_3025.jpeg,602
cast_ok_0_304.jpeg,599
cast_ok_0_3049.jpeg,665
cast_ok_0_305.jpeg,683
cast_ok_0_3064.jpeg,361
cast_ok_0_3102.jpeg,641
cast_ok_0_3106.jpeg,654
cast_ok_0_312.jpeg,636
cast_ok_0_3136.jpeg,684
cast_ok_0_3138.jpeg,685
cast_ok_0_3181.jpeg,621
cast_ok_0_3186.jpeg,665
cast_ok_0_3199.jpeg,686
cast_ok_0_3214.jpeg,653
cast_ok_0_3246.jpeg,651
cast_ok_0_3250.jpeg,687
cast_ok_0_327.jpeg,688
cast_ok_0_3304.jpeg,689
cast_ok_0_3336.jpeg,690
cast_ok_0_3337.jpeg,691
cast_ok_0_3338.jpeg,692
cast_ok_0_3371.jpeg,693
cast_ok_0_3386.jpeg,649
cast_ok_0_3402.jpeg,653
cast_ok_0_3439.jpeg,626
cast_ok_0_3440.jpeg,648
cast_ok_0_3449.jpeg,694
cast_ok_0_3465.jpeg,695
cast_ok_0_3498.jpeg,696
cast_ok_0_35.jpeg,697
cast_ok_0_3500.jpeg,698
cast_ok_0_352.jpeg,699
cast_ok_0_3596.jpeg,700
cast_ok_0_3654.jpeg,656
cast_ok_0_37.jpeg,701
cast_ok_0_373.jpeg,702
cast_ok_0_3736.jpeg,632
cast_ok_0_3764.jpeg,703
cast_ok_0_3812.jpeg,615
cast_ok_0_3820.jpeg,704
cast_ok_0_3842.jpeg,705
cast_ok_0_3846.jpeg,706
cast_ok_0_3868.jpeg,678
cast_ok_0_3869.jpeg,594
cast_ok_0_3870.jpeg,650
cast_ok_0_3897.jpeg,707
cast_ok_0_3906.jpeg,609
cast_ok_0_3916.jpeg,708
cast_ok_0_3966.jpeg,709
cast_ok_0_3973.jpeg,660
cast_ok_0_3984.jpeg,678
cast_ok_0_4010.jpeg,662
cast_ok_0_4020.jpeg,710
cast_ok_0_4031.jpeg,618
cast_ok_0_4038.jpeg,619
cast_ok_0_4059.jpeg,711
cast_ok_0_4081.jpeg,712
cast_ok_0_4082.jpeg,713
cast_ok_0_4087.jpeg,714
cast_ok_0_4141.jpeg,715
cast_ok_0_4168.jpeg,716
cast_ok_0_4177.jpeg,717
cast_ok_0_4201.jpeg,718
cast_ok_0_4223.jpeg,719
cast_ok_0_423.jpeg,720
cast_ok_0_4247.jpeg,721
cast_ok_0_4265.jpeg,646
cast_ok_0_4295.jpeg,722
cast_ok_0_431.jpeg,628
cast_ok_0_4358.jpeg,723
cast_ok_0_4405.jpeg,724
cast_ok_0_4413.jpeg,725
cast_ok_0_4432.jpeg,708
cast_ok_0_4433.jpeg,603
cast_ok_0_4437.jpeg,660
cast_ok_0_4442.jpeg,638
cast_ok_0_4450.jpeg,726
cast_ok_0_4496.jpeg,661
cast_ok_0_4503.jpeg,727
cast_ok_0_4561.jpeg,728
cast_ok_0_4562.jpeg,729
cast_ok_0_4579.jpeg,730
cast_ok_0_4582.jpeg,665
cast_ok_0_4597.jpeg,599
cast_ok_0_4630.jpeg,731
cast_ok_0_4639.jpeg,671
cast_ok_0_468.jpeg,732
cast_ok_0_4691.jpeg,594
cast_ok_0_4697.jpeg,653
cast_ok_0_4736.jpeg,679
cast_ok_0_4742.jpeg,733
cast_ok_0_477.jpeg,734
cast_ok_0_4773.jpeg,675
cast_ok_0_4799.jpeg,735
cast_ok_0_4821.jpeg,661
cast_ok_0_4823.jpeg,736
cast_ok_0_4855.jpeg,677
cast_ok_0_4862.jpeg,737
cast_ok_0_4863.jpeg,738
cast_ok_0_4930.jpeg,739
cast_ok_0_4943.jpeg,651
cast_ok_0_4944.jpeg,740
cast_ok_0_4958.jpeg,741
cast_ok_0_496.jpeg,742
cast_ok_0_4961.jpeg,665
cast_ok_0_4965.jpeg,668
cast_ok_0_4972.jpeg,599
cast_ok_0_4974.jpeg,743
cast_ok_0_5003.jpeg,744
cast_ok_0_5009.jpeg,745
cast_ok_0_5045.jpeg,725
cast_ok_0_5077.jpeg,642
cast_ok_0_5085.jpeg,717
cast_ok_0_5137.jpeg,617
cast_ok_0_5141.jpeg,746
cast_ok_0_5148.jpeg,654
cast_ok_0_5150.jpeg,747
cast_ok_0_5173.jpeg,748
cast_ok_0_5181.jpeg,630
cast_ok_0_5191.jpeg,749
cast_ok_0_5268.jpeg,750
cast_ok_0_5310.jpeg,626
cast_ok_0_5326.jpeg,746
cast_ok_0_5327.jpeg,751
cast_ok_0_5339.jpeg,713
cast_ok_0_5370.jpeg,733
cast_ok_0_5379.jpeg,648
cast_ok_0_5447.jpeg,638
cast_ok_0_5465.jpeg,621
cast_ok_0_5472.jpeg,638
cast_ok_0_5515.jpeg,632
cast_ok_0_5524.jpeg,632
cast_ok_0_5536.jpeg,752
cast_ok_0_5548.jpeg,644
cast_ok_0_5565.jpeg,753
cast_ok_0_5573.jpeg,596
cast_ok_0_5576.jpeg,754
cast_ok_0_5588.jpeg,755
cast_ok_0_5604.jpeg,634
cast_ok_0_5609.jpeg,608
cast_ok_0_5625.jpeg,756
cast_ok_0_563.jpeg,757
cast_ok_0_5654.jpeg,678
cast_ok_0_5680.jpeg,758
cast_ok_0_5681.jpeg,712
cast_ok_0_5685.jpeg,702
cast_ok_0_5687.jpeg,759
cast_ok_0_5691.jpeg,760
cast_ok_0_5728.jpeg,761
cast_ok_0_5738.jpeg,762
cast_ok_0_5774.jpeg,636
cast_ok_0_5812.jpeg,637
cast_ok_0_5814.jpeg,617
cast_ok_0_5818.jpeg,701
cast_ok_0_583.jpeg,614
cast_ok_0_5852.jpeg,616
cast_ok_0_5853.jpeg,631
cast_ok_0_5854.jpeg,646
cast_ok_0_586.jpeg,763
cast_ok_0_591.jpeg,673
cast_ok_0_5929.jpeg,764
cast_ok_0_5942.jpeg,765
cast_ok_0_601.jpeg,674
cast_ok_0_6018.jpeg,653
cast_ok_0_6055.jpeg,766
cast_ok_0_6079.jpeg,629
cast_ok_0_6092.jpeg,675
cast_ok_0_6119.jpeg,767
cast_ok_0_6129.jpeg,638
cast_ok_0_6134.jpeg,712
cast_ok_0_6149.jpeg,768
cast_ok_0_6160.jpeg,617
cast_ok_0_6189.jpeg,662
cast_ok_0_623.jpeg,730
cast_ok_0_6235.jpeg,769
cast_ok_0_6236.jpeg,738
cast_ok_0_6239.jpeg,770
cast_ok_0_6250.jpeg,667
cast_ok_0_6258.jpeg,675
cast_ok_0_6287.jpeg,771
cast_ok_0_6292.jpeg,772
cast_ok_0_6295.jpeg,645
cast_ok_0_6306.jpeg,704
cast_ok_0_6329.jpeg,773
cast_ok_0_6332.jpeg,774
cast_ok_0_638.jpeg,628
cast_ok_0_6390.jpeg,748
cast_ok_0_6418.jpeg,775
cast_ok_0_6424.jpeg,631
cast_ok_0_6449.jpeg,684
cast_ok_0_645.jpeg,776
cast_ok_0_6471.jpeg,724
cast_ok_0_6474.jpeg,735
cast_ok_0_6477.jpeg,645
cast_ok_0_6482.jpeg,631
cast_ok_0_6529.jpeg,777
cast_ok_0_6537.jpeg,778
cast_ok_0_6567.jpeg,621
cast_ok_0_6579.jpeg,768
cast_ok_0_661.jpeg,630
cast_ok_0_6644.jpeg,779
cast_ok_0_6679.jpeg,777
cast_ok_0_6705.jpeg,626
cast_ok_0_6738.jpeg,772
cast_ok_0_6741.jpeg,633
cast_ok_0_6765.jpeg,780
cast_ok_0_6773.jpeg,781
cast_ok_0_6788.jpeg,773
cast_ok_0_6802.jpeg,782
cast_ok_0_6826.jpeg,617
cast_ok_0_6847.jpeg,684
cast_ok_0_6854.jpeg,754
cast_ok_0_6864.jpeg,626
cast_ok_0_6869.jpeg,608
cast_ok_0_688.jpeg,730
cast_ok_0_6880.jpeg,746
cast_ok_0_6881.jpeg,675
cast_ok_0_6890.jpeg,729
cast_ok_0_6922.jpeg,657
cast_ok_0_694.jpeg,597
cast_ok_0_6940.jpeg,746
cast_ok_0_7005.jpeg,620
cast_ok_0_7014.jpeg,632
cast_ok_0_7021.jpeg,761
cast_ok_0_7049.jpeg,783
cast_ok_0_7072.jpeg,735
cast_ok_0_7076.jpeg,697
cast_ok_0_7111.jpeg,631
cast_ok_0_7112.jpeg,784
cast_ok_0_7117.jpeg,785
cast_ok_0_7120.jpeg,707
cast_ok_0_7151.jpeg,633
cast_ok_0_7156.jpeg,770
cast_ok_0_7157.jpeg,786
cast_ok_0_7171.jpeg,787
cast_ok_0_7194.jpeg,717
cast_ok_0_7195.jpeg,788
cast_ok_0_7206.jpeg,630
cast_ok_0_7209.jpeg,789
cast_ok_0_7218.jpeg,610
cast_ok_0_7240.jpeg,682
cast_ok_0_7256.jpeg,687
cast_ok_0_7271.jpeg,790
cast_ok_0_7338.jpeg,694
cast_ok_0_7342.jpeg,629
cast_ok_0_7351.jpeg,600
cast_ok_0_7353.jpeg,647
cast_ok_0_7357.jpeg,791
cast_ok_0_7366.jpeg,657
cast_ok_0_7411.jpeg,792
cast_ok_0_7419.jpeg,608
cast_ok_0_7432.jpeg,768
cast_ok_0_7445.jpeg,793
cast_ok_0_7460.jpeg,721
cast_ok_0_7487.jpeg,794
cast_ok_0_7511.jpeg,775
cast_ok_0_7519.jpeg,727
cast_ok_0_7523.jpeg,762
cast_ok_0_7561.jpeg,620
cast_ok_0_7568.jpeg,636
cast_ok_0_7573.jpeg,795
cast_ok_0_7591.jpeg,796
cast_ok_0_7604.jpeg,767
cast_ok_0_7609.jpeg,797
cast_ok_0_7642.jpeg,798
cast_ok_0_766.jpeg,633
cast_ok_0_7664.jpeg,750
cast_ok_0_7673.jpeg,650
cast_ok_0_7690.jpeg,799
cast_ok_0_7693.jpeg,700
cast_ok_0_7720.jpeg,768
cast_ok_0_773.jpeg,800
cast_ok_0_7741.jpeg,609
cast_ok_0_775.jpeg,698
cast_ok_0_776.jpeg,774
cast_ok_0_7773.jpeg,617
cast_ok_0_7815.jpeg,716
cast_ok_0_7831.jpeg,749
cast_ok_0_7836.jpeg,645
cast_ok_0_7841.jpeg,673
cast_ok_0_7872.jpeg,621
cast_ok_0_7904.jpeg,685
cast_ok_0_7939.jpeg,719
cast_ok_0_8002.jpeg,801
cast_ok_0_8021.jpeg,721
cast_ok_0_8034.jpeg,626
cast_ok_0_805.jpeg,630
cast_ok_0_8067.jpeg,784
cast_ok_0_8076.jpeg,644
cast_ok_0_8079.jpeg,802
cast_ok_0_8088.jpeg,634
cast_ok_0_8113.jpeg,803
cast_ok_0_8126.jpeg,804
cast_ok_0_8127.jpeg,696
cast_ok_0_8153.jpeg,735
cast_ok_0_8166.jpeg,673
cast_ok_0_8208.jpeg,805
cast_ok_0_821.jpeg,628
cast_ok_0_8278.jpeg,621
cast_ok_0_8284.jpeg,787
cast_ok_0_833.jpeg,806
cast_ok_0_8356.jpeg,690
cast_ok_0_8375.jpeg,638
cast_ok_0_8388.jpeg,807
cast_ok_0_8419.jpeg,632
cast_ok_0_8425.jpeg,656
cast_ok_0_8429.jpeg,808
cast_ok_0_8438.jpeg,648
cast_ok_0_8440.jpeg,809
cast_ok_0_8448.jpeg,729
cast_ok_0_8460.jpeg,651
cast_ok_0_8466.jpeg,660
cast_ok_0_8496.jpeg,793
cast_ok_0_850.jpeg,810
cast_ok_0_8511.jpeg,811
cast_ok_0_8533.jpeg,656
cast_ok_0_8540.jpeg,652
cast_ok_0_8566.jpeg,661
cast_ok_0_8579.jpeg,795
cast_ok_0_8580.jpeg,812
cast_ok_0_8601.jpeg,767
cast_ok_0_8616.jpeg,607
cast_ok_0_8646.jpeg,696
cast_ok_0_8664.jpeg,638
cast_ok_0_8691.jpeg,813
cast_ok_0_872.jpeg,691
cast_ok_0_8723.jpeg,692
cast_ok_0_8726.jpeg,814
cast_ok_0_8738.jpeg,701
cast_ok_0_8745.jpeg,815
cast_ok_0_8751.jpeg,696
cast_ok_0_8762.jpeg,633
cast_ok_0_8776.jpeg,675
cast_ok_0_8833.jpeg,608
cast_ok_0_8875.jpeg,616
cast_ok_0_8930.jpeg,703
cast_ok_0_8974.jpeg,665
cast_ok_0_8978.jpeg,812
cast_ok_0_8996.jpeg,762
cast_ok_0_9008.jpeg,675
cast_ok_0_9026.jpeg,653
cast_ok_0_904.jpeg,650
cast_ok_0_9108.jpeg,698
cast_ok_0_9112.jpeg,807
cast_ok_0_9120.jpeg,681
cast_ok_0_9135.jpeg,640
cast_ok_0_9136.jpeg,677
cast_ok_0_9150.jpeg,802
cast_ok_0_9173.jpeg,632
cast_ok_0_9191.jpeg,692
cast_ok_0_9192.jpeg,696
cast_ok_0_9193.jpeg,678
cast_ok_0_9201.jpeg,778
cast_ok_0_9202.jpeg,816
cast_ok_0_9216.jpeg,817
cast_ok_0_9224.jpeg,795
cast_ok_0_9232.jpeg,631
cast_ok_0_9235.jpeg,661
cast_ok_0_9239.jpeg,693
cast_ok_0_9260.jpeg,653
cast_ok_0_9270.jpeg,755
cast_ok_0_9277.jpeg,678
cast_ok_0_93.jpeg,692
cast_ok_0_9307.jpeg,767
cast_ok_0_9341.jpeg,818
cast_ok_0_9360.jpeg,687
cast_ok_0_9366.jpeg,754
cast_ok_0_9367.jpeg,819
cast_ok_0_9389.jpeg,782
cast_ok_0_9393.jpeg,820
cast_ok_0_9395.jpeg,621
cast_ok_0_9397.jpeg,811
cast_ok_0_9411.jpeg,821
cast_ok_0_9464.jpeg,652
cast_ok_0_9494.jpeg,614
cast_ok_0_9516.jpeg,684
cast_ok_0_9536.jpeg,729
cast_ok_0_9584.jpeg,630
cast_ok_0_9591.jpeg,822
cast_ok_0_9634.jpeg,793
cast_ok_0_9647.jpeg,628
cast_ok_0_9658.jpeg,682
cast_ok_0_9667.jpeg,694
cast_ok_0_968.jpeg,600
cast_ok_0_9732.jpeg,823
cast_ok_0_9734.jpeg,621
cast_ok_0_9741.jpeg,794
cast_ok_0_9771.jpeg,824
cast_ok_0_9791.jpeg,621
cast_ok_0_981.jpeg,825
cast_ok_0_9818.jpeg,826
cast_ok_0_9840.jpeg,596
cast_ok_0_9843.jpeg,629
cast_ok_0_9850.jpeg,681
cast_ok_0_9959.jpeg,616
cast_ok_0_9966.jpeg,640
cast_ok_0_9990.jpeg,827
